-- ============================================================================
-- DML (Data Manipulation Language)
-- DESCRIPTION: Inserts 15+ meaningful records per table with deterministic UUIDs.
-- ============================================================================

-- ----------------------------------------------------------------------------
-- PHASE 1: INDEPENDENT ENTITIES & DICTIONARIES
-- ----------------------------------------------------------------------------

-- 1. Users (Includes recursive 'referred_by_id' for viral growth tracking)
INSERT INTO Users (user_id, email, password_hash, status, referred_by_id) VALUES
('10000000-0000-0000-0000-000000000001', 'user1@streaming.com',  'bcrypt_hash_1',  'Active',    NULL),
('10000000-0000-0000-0000-000000000002', 'user2@streaming.com',  'bcrypt_hash_2',  'Active',    '10000000-0000-0000-0000-000000000001'),
('10000000-0000-0000-0000-000000000003', 'user3@streaming.com',  'bcrypt_hash_3',  'Suspended', NULL),
('10000000-0000-0000-0000-000000000004', 'user4@streaming.com',  'bcrypt_hash_4',  'Active',    '10000000-0000-0000-0000-000000000002'),
('10000000-0000-0000-0000-000000000005', 'user5@streaming.com',  'bcrypt_hash_5',  'Active',    NULL),
('10000000-0000-0000-0000-000000000006', 'user6@streaming.com',  'bcrypt_hash_6',  'Active',    '10000000-0000-0000-0000-000000000001'),
('10000000-0000-0000-0000-000000000007', 'user7@streaming.com',  'bcrypt_hash_7',  'Inactive',  NULL),
('10000000-0000-0000-0000-000000000008', 'user8@streaming.com',  'bcrypt_hash_8',  'Active',    '10000000-0000-0000-0000-000000000005'),
('10000000-0000-0000-0000-000000000009', 'user9@streaming.com',  'bcrypt_hash_9',  'Active',    NULL),
('10000000-0000-0000-0000-000000000010', 'user10@streaming.com', 'bcrypt_hash_10', 'Active',    '10000000-0000-0000-0000-000000000009'),
('10000000-0000-0000-0000-000000000011', 'user11@streaming.com', 'bcrypt_hash_11', 'Active',    NULL),
('10000000-0000-0000-0000-000000000012', 'user12@streaming.com', 'bcrypt_hash_12', 'Suspended', NULL),
('10000000-0000-0000-0000-000000000013', 'user13@streaming.com', 'bcrypt_hash_13', 'Active',    '10000000-0000-0000-0000-000000000011'),
('10000000-0000-0000-0000-000000000014', 'user14@streaming.com', 'bcrypt_hash_14', 'Active',    NULL),
('10000000-0000-0000-0000-000000000015', 'user15@streaming.com', 'bcrypt_hash_15', 'Active',    '10000000-0000-0000-0000-000000000014');

-- 2. Subscription_Plans
INSERT INTO Subscription_Plans (plan_id, name, concurrent_streams, monthly_price) VALUES
(1,  'Mobile Basic',         1,  4.99), 
(2,  'Web Standard 1080p',   2,  9.99), 
(3,  'Premium 4K HDR',       4, 15.99),
(4,  'Family Ultimate',      6, 19.99), 
(5,  'Student Tier',         1,  3.99), 
(6,  'Annual Basic Saver',   1, 49.99),
(7,  'Annual Premium Saver', 4, 159.99), 
(8,  'Promo Tier 1',         1,  0.99), 
(9,  'VIP Global Access',    4, 25.99),
(10, 'Legacy Plan A',        2,  7.99), 
(11, 'Legacy Plan B',        4, 12.99), 
(12, 'Weekend Pass',         1,  1.99),
(13, 'Ad-Supported Tier',    1,  0.00), 
(14, 'Cinephile Extra',      2, 11.99), 
(15, 'Enterprise Demo',     10, 99.99);

-- 3. Movies (Utilizing JSONB for dynamic metadata)
INSERT INTO Movies (movie_id, title, release_year, metadata_jsonb) VALUES
(1,  'Inception',                         2010, '{"director": "Christopher Nolan", "resolution": "4K", "audio": "Atmos"}'),
(2,  'The Matrix',                        1999, '{"director": "Wachowskis", "resolution": "1080p", "audio": "5.1"}'),
(3,  'Interstellar',                      2014, '{"director": "Christopher Nolan", "resolution": "4K", "audio": "Atmos"}'),
(4,  'Parasite',                          2019, '{"director": "Bong Joon-ho", "resolution": "4K", "language": "Korean"}'),
(5,  'Spirited Away',                     2001, '{"director": "Hayao Miyazaki", "resolution": "1080p", "studio": "Ghibli"}'),
(6,  'Mad Max: Fury Road',                2015, '{"director": "George Miller", "resolution": "4K", "audio": "Atmos"}'),
(7,  'The Godfather',                     1972, '{"director": "Francis Ford Coppola", "resolution": "4K"}'),
(8,  'Pulp Fiction',                      1994, '{"director": "Quentin Tarantino", "resolution": "1080p"}'),
(9,  'Everything Everywhere',             2022, '{"director": "Daniels", "resolution": "4K", "audio": "Atmos"}'),
(10, 'Blade Runner 2049',                 2017, '{"director": "Denis Villeneuve", "resolution": "4K"}'),
(11, 'Dune',                              2021, '{"director": "Denis Villeneuve", "resolution": "4K", "audio": "Atmos"}'),
(12, 'Get Out',                           2017, '{"director": "Jordan Peele", "resolution": "1080p"}'),
(13, 'Arrival',                           2016, '{"director": "Denis Villeneuve", "resolution": "4K"}'),
(14, 'Seven Samurai',                     1954, '{"director": "Akira Kurosawa", "resolution": "1080p", "bw": true}'),
(15, 'Spider-Man: Into the Spider-Verse', 2018, '{"director": "Peter Ramsey", "resolution": "4K"}');

-- 4. Genres
INSERT INTO Genres (genre_id, name, description) VALUES
(1,  'Action',      'High-energy stunts.'), 
(2,  'Sci-Fi',      'Futuristic tech.'), 
(3,  'Drama',       'Emotional narratives.'),
(4,  'Thriller',    'Suspenseful plots.'), 
(5,  'Horror',      'Intended to scare.'), 
(6,  'Romance',     'Love focused.'),
(7,  'Comedy',      'Makes audience laugh.'), 
(8,  'Animation',   'Animated visual mediums.'), 
(9,  'Documentary', 'Real-world facts.'),
(10, 'Fantasy',     'Magic and imaginary worlds.'), 
(11, 'Mystery',     'Crime needing a solution.'), 
(12, 'Crime',       'Justice system focus.'),
(13, 'Adventure',   'Epic journeys.'), 
(14, 'Historical',  'Based on past events.'), 
(15, 'Family',      'Appropriate for children.');


-- ----------------------------------------------------------------------------
-- PHASE 2: FIRST-DEGREE DEPENDENCIES
-- ----------------------------------------------------------------------------

-- 5. Subscriptions
INSERT INTO Subscriptions (subscription_id, user_id, plan_id, valid_from, valid_until, is_active) VALUES
('20000000-0000-0000-0000-000000000001', '10000000-0000-0000-0000-000000000001', 3,  '2026-01-01', '2026-12-31', TRUE),
('20000000-0000-0000-0000-000000000002', '10000000-0000-0000-0000-000000000002', 2,  '2026-04-01', '2026-05-01', TRUE),
('20000000-0000-0000-0000-000000000003', '10000000-0000-0000-0000-000000000003', 1,  '2025-01-01', '2025-02-01', FALSE),
('20000000-0000-0000-0000-000000000004', '10000000-0000-0000-0000-000000000004', 4,  '2026-03-15', '2026-04-15', TRUE),
('20000000-0000-0000-0000-000000000005', '10000000-0000-0000-0000-000000000005', 5,  '2026-02-01', '2026-08-01', TRUE),
('20000000-0000-0000-0000-000000000006', '10000000-0000-0000-0000-000000000006', 7,  '2026-01-01', '2026-12-31', TRUE),
('20000000-0000-0000-0000-000000000007', '10000000-0000-0000-0000-000000000007', 2,  '2025-10-01', '2025-11-01', FALSE),
('20000000-0000-0000-0000-000000000008', '10000000-0000-0000-0000-000000000008', 9,  '2026-05-01', '2026-06-01', TRUE),
('20000000-0000-0000-0000-000000000009', '10000000-0000-0000-0000-000000000009', 3,  '2026-04-10', '2026-05-10', TRUE),
('20000000-0000-0000-0000-000000000010', '10000000-0000-0000-0000-000000000010', 13, '2026-01-01', '2099-12-31', TRUE),
('20000000-0000-0000-0000-000000000011', '10000000-0000-0000-0000-000000000011', 4,  '2026-03-01', '2026-04-01', TRUE),
('20000000-0000-0000-0000-000000000012', '10000000-0000-0000-0000-000000000012', 2,  '2025-06-01', '2025-07-01', FALSE),
('20000000-0000-0000-0000-000000000013', '10000000-0000-0000-0000-000000000013', 14, '2026-05-05', '2026-06-05', TRUE),
('20000000-0000-0000-0000-000000000014', '10000000-0000-0000-0000-000000000014', 3,  '2026-02-15', '2026-03-15', TRUE),
('20000000-0000-0000-0000-000000000015', '10000000-0000-0000-0000-000000000015', 6,  '2026-01-01', '2026-12-31', TRUE);

-- 6. Payment_Methods (Utilizing pgcrypto decode function for secure storage)
INSERT INTO Payment_Methods (payment_id, user_id, payment_type, card_number_encrypted, billing_zip, billing_country) VALUES
('30000000-0000-0000-0000-000000000001', '10000000-0000-0000-0000-000000000001', 'Credit_Card',    decode('4111111111111111', 'escape'), '10001', 'USA'),
('30000000-0000-0000-0000-000000000002', '10000000-0000-0000-0000-000000000002', 'Digital_Wallet', decode('4222222222222222', 'escape'), '90210', 'USA'),
('30000000-0000-0000-0000-000000000003', '10000000-0000-0000-0000-000000000003', 'Credit_Card',    decode('4333333333333333', 'escape'), '33101', 'USA'),
('30000000-0000-0000-0000-000000000004', '10000000-0000-0000-0000-000000000004', 'Credit_Card',    decode('4444444444444444', 'escape'), '60601', 'USA'),
('30000000-0000-0000-0000-000000000005', '10000000-0000-0000-0000-000000000005', 'Digital_Wallet', decode('5111111111111111', 'escape'), '75001', 'France'),
('30000000-0000-0000-0000-000000000006', '10000000-0000-0000-0000-000000000006', 'Credit_Card',    decode('5222222222222222', 'escape'), '98101', 'USA'),
('30000000-0000-0000-0000-000000000007', '10000000-0000-0000-0000-000000000007', 'Credit_Card',    decode('5333333333333333', 'escape'), '02108', 'USA'),
('30000000-0000-0000-0000-000000000008', '10000000-0000-0000-0000-000000000008', 'Digital_Wallet', decode('5444444444444444', 'escape'), '94105', 'USA'),
('30000000-0000-0000-0000-000000000009', '10000000-0000-0000-0000-000000000009', 'Credit_Card',    decode('6011111111111111', 'escape'), '10012', 'USA'),
('30000000-0000-0000-0000-000000000010', '10000000-0000-0000-0000-000000000010', 'Credit_Card',    decode('6022222222222222', 'escape'), '90001', 'USA'),
('30000000-0000-0000-0000-000000000011', '10000000-0000-0000-0000-000000000011', 'Digital_Wallet', decode('341111111111111',  'escape'), '30301', 'UK'),
('30000000-0000-0000-0000-000000000012', '10000000-0000-0000-0000-000000000012', 'Credit_Card',    decode('372222222222222',  'escape'), '89109', 'USA'),
('30000000-0000-0000-0000-000000000013', '10000000-0000-0000-0000-000000000013', 'Credit_Card',    decode('4111111111111111', 'escape'), '32801', 'USA'),
('30000000-0000-0000-0000-000000000014', '10000000-0000-0000-0000-000000000014', 'Digital_Wallet', decode('4222222222222222', 'escape'), '20001', 'USA'),
('30000000-0000-0000-0000-000000000015', '10000000-0000-0000-0000-000000000015', 'Credit_Card',    decode('4333333333333333', 'escape'), '73301', 'Japan');

-- 7. Watchlists
INSERT INTO Watchlists (watchlist_id, user_id, list_name, is_public) VALUES
('70000000-0000-0000-0000-000000000001', '10000000-0000-0000-0000-000000000001', 'Weekend Binge',     TRUE),
('70000000-0000-0000-0000-000000000002', '10000000-0000-0000-0000-000000000002', 'Sci-Fi Classics',   FALSE),
('70000000-0000-0000-0000-000000000003', '10000000-0000-0000-0000-000000000003', 'Action Movies',     TRUE),
('70000000-0000-0000-0000-000000000004', '10000000-0000-0000-0000-000000000004', 'Family Night',      FALSE),
('70000000-0000-0000-0000-000000000005', '10000000-0000-0000-0000-000000000005', 'Anime to Watch',    TRUE),
('70000000-0000-0000-0000-000000000006', '10000000-0000-0000-0000-000000000006', 'Tarantino Faves',   TRUE),
('70000000-0000-0000-0000-000000000007', '10000000-0000-0000-0000-000000000007', 'Scary Stuff',       FALSE),
('70000000-0000-0000-0000-000000000008', '10000000-0000-0000-0000-000000000008', 'Oscar Winners',     TRUE),
('70000000-0000-0000-0000-000000000009', '10000000-0000-0000-0000-000000000009', 'Mind Bending',      FALSE),
('70000000-0000-0000-0000-000000000010', '10000000-0000-0000-0000-000000000010', 'Korean Cinema',     TRUE),
('70000000-0000-0000-0000-000000000011', '10000000-0000-0000-0000-000000000011', 'To Watch Later',    FALSE),
('70000000-0000-0000-0000-000000000012', '10000000-0000-0000-0000-000000000012', 'Comfort Movies',    TRUE),
('70000000-0000-0000-0000-000000000013', '10000000-0000-0000-0000-000000000013', 'Villeneuve Ranked', TRUE),
('70000000-0000-0000-0000-000000000014', '10000000-0000-0000-0000-000000000014', 'Classic Hollywood', FALSE),
('70000000-0000-0000-0000-000000000015', '10000000-0000-0000-0000-000000000015', '4K Showcase',       TRUE);


-- ----------------------------------------------------------------------------
-- PHASE 3: SECOND-DEGREE DEPENDENCIES & BRIDGING TABLES
-- ----------------------------------------------------------------------------

-- 8. Invoices (Requires valid Subscriptions & Payment_Methods)
INSERT INTO Invoices (invoice_id, subscription_id, payment_id, amount, status) VALUES
('40000000-0000-0000-0000-000000000001', '20000000-0000-0000-0000-000000000001', '30000000-0000-0000-0000-000000000001',  15.99, 'Paid'),
('40000000-0000-0000-0000-000000000002', '20000000-0000-0000-0000-000000000002', '30000000-0000-0000-0000-000000000002',   9.99, 'Paid'),
('40000000-0000-0000-0000-000000000003', '20000000-0000-0000-0000-000000000003', '30000000-0000-0000-0000-000000000003',   4.99, 'Failed'),
('40000000-0000-0000-0000-000000000004', '20000000-0000-0000-0000-000000000004', '30000000-0000-0000-0000-000000000004',  19.99, 'Paid'),
('40000000-0000-0000-0000-000000000005', '20000000-0000-0000-0000-000000000005', '30000000-0000-0000-0000-000000000005',   3.99, 'Paid'),
('40000000-0000-0000-0000-000000000006', '20000000-0000-0000-0000-000000000006', '30000000-0000-0000-0000-000000000006', 159.99, 'Paid'),
('40000000-0000-0000-0000-000000000007', '20000000-0000-0000-0000-000000000007', '30000000-0000-0000-0000-000000000007',   9.99, 'Failed'),
('40000000-0000-0000-0000-000000000008', '20000000-0000-0000-0000-000000000008', '30000000-0000-0000-0000-000000000008',  25.99, 'Paid'),
('40000000-0000-0000-0000-000000000009', '20000000-0000-0000-0000-000000000009', '30000000-0000-0000-0000-000000000009',  15.99, 'Paid'),
('40000000-0000-0000-0000-000000000010', '20000000-0000-0000-0000-000000000010', '30000000-0000-0000-0000-000000000010',   0.00, 'Paid'),
('40000000-0000-0000-0000-000000000011', '20000000-0000-0000-0000-000000000011', '30000000-0000-0000-0000-000000000011',  19.99, 'Paid'),
('40000000-0000-0000-0000-000000000012', '20000000-0000-0000-0000-000000000012', '30000000-0000-0000-0000-000000000012',   9.99, 'Failed'),
('40000000-0000-0000-0000-000000000013', '20000000-0000-0000-0000-000000000013', '30000000-0000-0000-0000-000000000013',  11.99, 'Paid'),
('40000000-0000-0000-0000-000000000014', '20000000-0000-0000-0000-000000000014', '30000000-0000-0000-0000-000000000014',  15.99, 'Paid'),
('40000000-0000-0000-0000-000000000015', '20000000-0000-0000-0000-000000000015', '30000000-0000-0000-0000-000000000015',  49.99, 'Paid');

-- 9. Movie_Genre_Relations (M:N Associative Entity)
INSERT INTO Movie_Genre_Relations (movie_id, genre_id) VALUES
(1, 2), (1, 4), (2, 1), (2, 2), (3, 2), (3, 3), (4, 3), (4, 4), (5, 8), (5, 10), 
(6, 1), (6, 2), (7, 3), (7, 12), (8, 12), (8, 3), (9, 1), (9, 2), (10, 2), (10, 4),
(11, 2), (11, 13), (12, 4), (12, 5), (13, 2), (13, 3), (14, 1), (14, 14), (15, 1), (15, 8);

-- 10. Reviews (Associative Data with Check Constraints)
INSERT INTO Reviews (review_id, movie_id, user_id, rating, review_text) VALUES
('50000000-0000-0000-0000-000000000001', 1,  '10000000-0000-0000-0000-000000000001', 5, 'Masterpiece.'),
('50000000-0000-0000-0000-000000000002', 2,  '10000000-0000-0000-0000-000000000002', 4, 'Groundbreaking.'),
('50000000-0000-0000-0000-000000000003', 3,  '10000000-0000-0000-0000-000000000003', 5, 'Stunning.'),
('50000000-0000-0000-0000-000000000004', 4,  '10000000-0000-0000-0000-000000000004', 5, 'Perfect.'),
('50000000-0000-0000-0000-000000000005', 5,  '10000000-0000-0000-0000-000000000005', 5, 'Beautiful.'),
('50000000-0000-0000-0000-000000000006', 6,  '10000000-0000-0000-0000-000000000006', 4, 'Action packed.'),
('50000000-0000-0000-0000-000000000007', 7,  '10000000-0000-0000-0000-000000000007', 5, 'Classic.'),
('50000000-0000-0000-0000-000000000008', 8,  '10000000-0000-0000-0000-000000000008', 5, 'Iconic.'),
('50000000-0000-0000-0000-000000000009', 9,  '10000000-0000-0000-0000-000000000009', 5, 'Mind bending.'),
('50000000-0000-0000-0000-000000000010', 10, '10000000-0000-0000-0000-000000000010', 4, 'Top tier.'),
('50000000-0000-0000-0000-000000000011', 11, '10000000-0000-0000-0000-000000000011', 4, 'Great.'),
('50000000-0000-0000-0000-000000000012', 12, '10000000-0000-0000-0000-000000000012', 5, 'Thrilling.'),
('50000000-0000-0000-0000-000000000013', 13, '10000000-0000-0000-0000-000000000013', 4, 'Smart sci-fi.'),
('50000000-0000-0000-0000-000000000014', 14, '10000000-0000-0000-0000-000000000014', 5, 'Masterclass.'),
('50000000-0000-0000-0000-000000000015', 15, '10000000-0000-0000-0000-000000000015', 5, 'Best spiderman.');

-- 11. Watch_Histories (Behavioral Telemetry)
INSERT INTO Watch_Histories (history_id, user_id, movie_id, duration_watched, stopped_at) VALUES
('60000000-0000-0000-0000-000000000001', '10000000-0000-0000-0000-000000000001', 1,   8880, CURRENT_TIMESTAMP),
('60000000-0000-0000-0000-000000000002', '10000000-0000-0000-0000-000000000002', 2,   8160, CURRENT_TIMESTAMP),
('60000000-0000-0000-0000-000000000003', '10000000-0000-0000-0000-000000000003', 3,  10140, CURRENT_TIMESTAMP),
('60000000-0000-0000-0000-000000000004', '10000000-0000-0000-0000-000000000004', 4,   7920, CURRENT_TIMESTAMP),
('60000000-0000-0000-0000-000000000005', '10000000-0000-0000-0000-000000000005', 5,   7500, CURRENT_TIMESTAMP),
('60000000-0000-0000-0000-000000000006', '10000000-0000-0000-0000-000000000006', 6,   7200, CURRENT_TIMESTAMP),
('60000000-0000-0000-0000-000000000007', '10000000-0000-0000-0000-000000000007', 7,  10500, CURRENT_TIMESTAMP),
('60000000-0000-0000-0000-000000000008', '10000000-0000-0000-0000-000000000008', 8,   9240, CURRENT_TIMESTAMP),
('60000000-0000-0000-0000-000000000009', '10000000-0000-0000-0000-000000000009', 9,   8340, CURRENT_TIMESTAMP),
('60000000-0000-0000-0000-000000000010', '10000000-0000-0000-0000-000000000010', 10,  9840, CURRENT_TIMESTAMP),
('60000000-0000-0000-0000-000000000011', '10000000-0000-0000-0000-000000000011', 11,  9300, CURRENT_TIMESTAMP),
('60000000-0000-0000-0000-000000000012', '10000000-0000-0000-0000-000000000012', 12,  6240, CURRENT_TIMESTAMP),
('60000000-0000-0000-0000-000000000013', '10000000-0000-0000-0000-000000000013', 13,  6960, CURRENT_TIMESTAMP),
('60000000-0000-0000-0000-000000000014', '10000000-0000-0000-0000-000000000014', 14, 12420, CURRENT_TIMESTAMP),
('60000000-0000-0000-0000-000000000015', '10000000-0000-0000-0000-000000000015', 15,  7020, CURRENT_TIMESTAMP);

-- 12. Watchlist_Items (M:N Associative Entity with Sort Priority)
INSERT INTO Watchlist_Items (watchlist_id, movie_id, sort_order) VALUES
('70000000-0000-0000-0000-000000000001', 1,  1), ('70000000-0000-0000-0000-000000000001', 3,  2),
('70000000-0000-0000-0000-000000000002', 2,  1), ('70000000-0000-0000-0000-000000000002', 10, 2),
('70000000-0000-0000-0000-000000000003', 6,  1), ('70000000-0000-0000-0000-000000000004', 5,  1),
('70000000-0000-0000-0000-000000000004', 15, 2), ('70000000-0000-0000-0000-000000000005', 5,  1),
('70000000-0000-0000-0000-000000000006', 8,  1), ('70000000-0000-0000-0000-000000000007', 12, 1),
('70000000-0000-0000-0000-000000000008', 4,  1), ('70000000-0000-0000-0000-000000000008', 7,  2),
('70000000-0000-0000-0000-000000000009', 9,  1), ('70000000-0000-0000-0000-000000000009', 1,  2),
('70000000-0000-0000-0000-000000000010', 4,  1);


-- ============================================================================
-- 4.3.1 DML Verification (Populated Table Data)
-- DESCRIPTION: Executes SELECT statements to verify the successful insertion 
--              and strictly structured referential integrity of all batch DML executions.
-- ============================================================================

SELECT * FROM Users;
SELECT * FROM Subscription_Plans;
SELECT * FROM Movies;
SELECT * FROM Genres;
SELECT * FROM Subscriptions;
SELECT * FROM Payment_Methods;
SELECT * FROM Watchlists;
SELECT * FROM Invoices;
SELECT * FROM Reviews;
SELECT * FROM Watch_Histories;
SELECT * FROM Movie_Genre_Relations;
SELECT * FROM Watchlist_Items;